IncidentDate,Location,Latitude1,Longitude1,IncidentTypeDescription1
5/3/2020 16:31,901 KENWICK CT W,36.04687715,-86.96252641,ELECTRICAL HAZARD
5/3/2020 16:32,8036 ARBOR DR,36.08249081,-86.94067952,ELECTRICAL HAZARD
5/3/2020 16:32,119 DUE WEST AV E,36.24802948,-86.71687484,NOT ALERT COPD
5/3/2020 16:33,630 GALLATIN PKE S,36.25649117,-86.71481656,ABDOMINAL PAIN
5/3/2020 16:33,615 W HILLWOOD DR,36.12968971,-86.87983392,ELECTRICAL HAZARD
5/3/2020 16:33,622 BROOK HOLLOW RD,36.11177315,-86.8880869,ELECTRICAL HAZARD
5/3/2020 16:34,JOCELYN HOLLOW RD / BRESSLYN RD,36.10331783,-86.89808005,ELECTRICAL HAZARD
5/3/2020 16:35,WOODLAND ST / S 7TH ST,36.17358297,-86.76033878,SEIZURE: EFFECTIVE BREATHING NOT VERIFIED >35
5/3/2020 16:36,3000 POSTON AV ,36.14533212,-86.81535642,GENERAL ALARM COMMERCIAL   INDUSTRIAL BUILD
5/3/2020 16:37,51ST AV N / CENTENNIAL BLVD,36.16232649,-86.84914406,ELECTRICAL HAZARD
5/3/2020 16:37,3525 CENTRAL AV,36.13719328,-86.82527475,ELECTRICAL HAZARD
5/3/2020 16:37,114 PROSPECT HL,36.11351304,-86.84309934,CITIZEN ASSIST UNKNOWN SITUATION
5/3/2020 16:37,4911 ELKINS AV,36.14956595,-86.84688367,ELECTRICAL HAZARD
5/3/2020 16:38,4313 ESTES RD,36.09759801,-86.83905099,PINNED OR TRAPPED VICTIM:
5/3/2020 16:39,2801 WHITE OAK DR,36.12204691,-86.81216275,ELECTRICAL HAZARD
5/3/2020 16:39,2108 W LINDEN AV,36.12774692,-86.80484648,ELECTRICAL HAZARD
5/3/2020 16:39,2106 FAIRFAX AV ,36.13438404,-86.80214937,GENERAL ALARM COMMERCIAL   INDUSTRIAL BUILD
5/3/2020 16:39,8715 OLD HARDING PKE,36.01252365,-87.02458404,ELECTRICAL HAZARD
5/3/2020 16:40,188 THOMPSON LN ,36.11085927,-86.73930659,GENERAL ALARM COMMERCIAL   INDUSTRIAL BUILD
5/3/2020 16:41,836 HILLWOOD BLVD,36.13758141,-86.87858143,ELECTRICAL HAZARD
5/3/2020 16:41,6535 MARAUDER DR,36.14486939,-86.88856094,ELECTRICAL HAZARD
5/3/2020 16:42,3718 WOODMONT LN,36.11183076,-86.83812955,ELECTRICAL HAZARD
5/3/2020 16:42,1310 24TH AV S,36.14208388,-86.80394548,GENERAL ALARM COMMERCIAL   INDUSTRIAL BUILD
5/3/2020 16:43,5105 BLUE HOLE RD,36.05228296,-86.6727521,GENERAL ALARM HIGH LIFE HAZARD
5/3/2020 16:43,4206 BELMONT PARK TER,36.0999286,-86.80509995,ELECTRICAL HAZARD
5/3/2020 16:43,607B LARKIN SPRINGS RD ,36.25356216,-86.68572525,GENERAL ALARM COMMERCIAL   INDUSTRIAL BUILD
5/3/2020 16:43,102 ROSE ST,36.12313724,-86.74049252,ELECTRICAL HAZARD
5/3/2020 16:44,517 BROOK HOLLOW RD,36.10903778,-86.88860883,ELECTRICAL HAZARD
5/3/2020 16:44,5025 EDMONDSON PKE,36.07035391,-86.7350036,ELECTRICAL HAZARD
5/3/2020 16:45,6007 CLOVERLAND DR,36.03042624,-86.74840252,ELECTRICAL HAZARD
5/3/2020 16:46,SEWANEE RD / TYNE BLVD,36.08070467,-86.79905395,NO INJURIES (UNCONFIRMED OR >5 PERSONS INVOLVED
5/3/2020 16:46,SEWANEE RD / TYNE BLVD,36.08070467,-86.79905395,NO INJURIES (UNCONFIRMED OR >5 PERSONS INVOLVED
5/3/2020 16:46,531 DONELSON PKE ,36.14663736,-86.66577737,GENERAL ALARM COMMERCIAL   INDUSTRIAL BUILD
5/3/2020 16:46,60 TUSCULUM RD,36.05305774,-86.67851621,RESIDENTIAL FIRE
5/3/2020 16:47,16 N HILL ST,36.14534398,-86.76158688,ELECTRICAL HAZARD
5/3/2020 16:47,HARDING PL / NOLENSVILLE PKE,36.07961512,-86.72632246,MVA INJURIES:
5/3/2020 16:48,555 MARRIOTT DR ,36.1511077,-86.6899214,GENERAL ALARM COMMERCIAL   INDUSTRIAL BUILD
5/3/2020 16:48,511 ELBA DR,36.32965577,-86.69501221,ELECTRICAL HAZARD
5/3/2020 16:49,500 CHEYENNE BLVD,36.25961447,-86.67873307,UNCONFIRMED ENTRAPMENT SMALL BUILDING
5/3/2020 16:49,S DOUGLAS AV / ELLIOTT AV,36.13112529,-86.78106147,ELECTRICAL HAZARD
5/3/2020 16:49,854 KIRKWOOD AV,36.12079999,-86.7823281,ELECTRICAL HAZARD
5/3/2020 16:49,3960 BELL RD ,36.16647754,-86.60379043,GENERAL ALARM COMMERCIAL   INDUSTRIAL BUILD
5/3/2020 16:49,3960 BELL RD ,36.16647754,-86.60379043,GENERAL ALARM COMMERCIAL   INDUSTRIAL BUILD
5/3/2020 16:49,8495 SYCAMORE CREEK RD,36.38730555,-86.89626601,ELECTRICAL HAZARD
5/3/2020 16:50,513 HILL RD,36.04718108,-86.7505258,ELECTRICAL HAZARD
5/3/2020 16:50,80 BROOKWOOD TER,36.13041375,-86.85979735,ELECTRICAL HAZARD
5/3/2020 16:51,OLD HICKORY BLVD / EDMONDSON PKE,36.04002112,-86.7434813,MVA OTHER HAZARDS
5/3/2020 16:51,OLD HICKORY BLVD / EDMONDSON PKE,36.04002112,-86.7434813,MVA OTHER HAZARDS
5/3/2020 16:51,922 SUTTON HILL RD,36.11420508,-86.7829537,SMALL BUILDING INVESTIGATION
5/3/2020 16:52,900 TOWER PL,36.0963541,-86.78684686,ELECTRICAL HAZARD
5/3/2020 16:52,4900 DANBY DR,36.07412404,-86.74565657,ELECTRICAL HAZARD
5/3/2020 16:53,1613 ELM RUN,36.13541502,-86.634772,LIGHTNING STRIKE TO HOUSE
5/3/2020 16:54,8655 WHITES CREEK PKE,36.38495815,-86.89783543,RESIDENTIAL FIRE
5/3/2020 16:55,14TH AV N / BUCHANAN ST,36.18013621,-86.80765888,SMALL BUILDING INVESTIGATION
5/3/2020 16:55,1706 22ND AV N,36.17741041,-86.81230619,SMALL GRASS FIRE
5/3/2020 16:56,2044 HUTTON DR,36.12817362,-86.7494602,ELECTRICAL HAZARD
5/3/2020 16:57,718 BRESSLYN RD,36.11888457,-86.87925385,ELECTRICAL HAZARD
5/3/2020 16:58,903 ARBOR LAKE BLVD,36.16418316,-86.60060688,APARTMENT FIRE
5/3/2020 16:58,808 CLOVERFIELD CT,36.02650558,-86.7613971,SMALL BUILDING INVESTIGATION
5/3/2020 16:58,1718 STOKES LN,36.11840895,-86.80490857,ELECTRICAL HAZARD
5/3/2020 16:59,5016 RAGLAND DR,36.07113853,-86.77079595,ELECTRICAL HAZARD
5/3/2020 16:59,990 GREERLAND DR,36.10075419,-86.78994691,ELECTRICAL HAZARD - WIRES DOWN
5/3/2020 17:00,5004 FRANKLIN PKE,36.07116583,-86.77332104,ELECTRICAL HAZARD
5/3/2020 17:00,W HAMILTON RD / CLARKSVILLE PKE,36.20833954,-86.839647,ELECTRICAL HAZARD
5/3/2020 17:01,5944 LONG MEADOW RD,36.10846271,-86.86990983,ELECTRICAL HAZARD
5/3/2020 17:02,2416 RIDGELAND DR,36.20122004,-86.6792101,ELECTRICAL HAZARD
5/3/2020 17:02,110 MOCKINGBIRD RD,36.13209702,-86.83588741,HOUSE NATURAL GAS LEAK
5/3/2020 17:03,3021 ANDERSON RD,36.07345515,-86.62148382,UNCONFIRMED ENTRAPMENT SMALL BUILDING
5/3/2020 17:04,2303 SPRINGDALE DR,36.12283686,-86.81551276,ELECTRICAL HAZARD
5/3/2020 17:04,3213 ALPINE AV,36.20194314,-86.82824939,ELECTRICAL HAZARD
5/3/2020 17:04,3609 WILBUR PL,36.10820938,-86.78444377,HOUSE NATURAL GAS LEAK
5/3/2020 17:04,1008 ANTIOCH PKE,36.09973503,-86.71616726,ELECTRICAL HAZARD
5/3/2020 17:05,OLD LEBANON DIRT RD / CHESNEY GLEN DR,36.18900383,-86.58544552,ENTRAPMENT UNKNOWN SITUATION
5/3/2020 17:05,3025 ANDERSON RD,36.07343277,-86.62120639,AVALANCHE INVESTIGATION
5/3/2020 17:06,2928 SINBAD DR,36.16172185,-86.65455894,ELECTRICAL HAZARD
5/3/2020 17:06,2030 BERNARD CIR ,36.13125958,-86.78926008,SMOKE DETECTOR ALARM COMMERCIAL   INDUSTRIAL BUILD
5/3/2020 17:07,N NEW HOPE RD / NEW HOPE MEADOW RD,36.19064919,-86.58158472,ELECTRICAL HAZARD
5/3/2020 17:07,407 HILLWOOD BLVD,36.13082891,-86.86713023,ELECTRICAL HAZARD
5/3/2020 17:08,3603 RAINBOW PL,36.10770313,-86.77862101,ELECTRICAL HAZARD
5/3/2020 17:09,4271 CENTRAL PKE,36.17386005,-86.57903182,ELECTRICAL HAZARD
5/3/2020 17:09,S NEW HOPE RD / BELL RD,36.16062973,-86.5853856,ENTRAPMENT UNKNOWN SITUATION
5/3/2020 17:10,5537 STANFORD DR,36.08212314,-86.83053797,ELECTRICAL HAZARD
5/3/2020 17:10,5101 HARDING PL,36.08922009,-86.68737703,ELECTRICAL HAZARD
5/3/2020 17:10,300 SEVEN SPRINGS WAY,36.04211693,-86.76807525,ELEVATOR MALFUNCTION   OCCUPANTS INSIDE
5/3/2020 17:11,KINWOOD DR / FOREST VIEW DR,36.07219982,-86.62514248,ELECTRICAL HAZARD
5/3/2020 17:11,354 BATTLE RD,35.99788895,-86.62842347,ELECTRICAL HAZARD
5/3/2020 17:11,ELLINGTON PKWY S / E TRINITY LN,36.20470051,-86.75037333,UNKNOWN STATUS:
5/3/2020 17:12,5037 BONNAMEADE DR,36.19685469,-86.62965478,UNKNOWN PROBLEM INVESTIGATION
5/3/2020 17:12,7205 MARK DR,36.06584867,-86.92877244,ELECTRICAL HAZARD
5/3/2020 17:13,741 MURFREESBORO PKE,36.13762864,-86.72940245,ELECTRICAL HAZARD
5/3/2020 17:13,5584 SADDLEWOOD LN,36.02485568,-86.7599848,ELECTRICAL HAZARD
5/3/2020 17:13,700 TIMBER LN,36.12197038,-86.82348438,ELECTRICAL HAZARD
5/3/2020 17:13,20 N HILL ST,36.14534545,-86.76126269,UNKNOWN ENTRAPMENT  UNCONFIRMED
5/3/2020 17:14,4505 BEACON DR,36.08919971,-86.84530291,ELECTRICAL HAZARD
5/3/2020 17:14,14TH AV N / BUCHANAN ST,36.18013621,-86.80765888,UNKNOWN ENTRAPMENT  UNCONFIRMED
5/3/2020 17:16,97 WHITE BRIDGE PKE,36.13100078,-86.85823222,ELECTRICAL HAZARD
5/3/2020 17:16,DOWNEYMEADE DR / LEBANON PKE,36.18181447,-86.64157809,SMALL OUTSIDE FIRE
5/3/2020 17:16,4348 CENTRAL PKE,36.17358803,-86.57258051,ELECTRICAL HAZARD
5/3/2020 17:17,2202 SHERIDAN RD,36.19280982,-86.71478802,ELECTRICAL HAZARD
5/3/2020 17:17,1437 BELL TRACE DR,36.04028259,-86.67078793,ENTRAPMENT / TRAPPED
5/3/2020 17:17,632 ROXANNE DR,36.04911302,-86.69098082,ELECTRICAL HAZARD - WIRES DOWN
5/3/2020 17:17,2951 NED SHELTON RD,36.10116536,-86.6354706,ENTRAPMENT UNKNOWN SITUATION
5/3/2020 17:17,2025 CALDWELL DR,36.33004523,-86.70061458,CARBON MONOXIDE FIRE ALARM INVESTIGATION
5/3/2020 17:18,415 TUSCULUM RD,36.05849071,-86.71790446,ELECTRICAL HAZARD
5/3/2020 17:18,415 TUSCULUM RD,36.05849071,-86.71790446,ELECTRICAL HAZARD
5/3/2020 17:18,6424 PREMIER DR,36.14708288,-86.87658029,RESIDENTIAL FIRE PERSON TRAPPED
5/3/2020 17:19,3223 LINCOLN AV,36.20164072,-86.82984433,ELECTRICAL HAZARD
5/3/2020 17:20,610 CONTINENTAL DR,36.14649968,-86.88782716,ELECTRICAL HAZARD
5/3/2020 17:20,6203 CHARLOTTE PKE,36.14669909,-86.86947765,SMALL OUTSIDE FIRE
5/3/2020 17:20,625 BENTON AV,36.13138384,-86.77062846,ELEVATOR MALFUNCTION   OCCUPANTS INSIDE
5/3/2020 17:20,502 PATTERSON ST,36.10321608,-86.74515955,ELECTRICAL HAZARD
5/3/2020 17:21,103 JAY ST,36.11888916,-86.7413517,ELECTRICAL HAZARD
5/3/2020 17:21,2126 ACKLEN AV,36.13609039,-86.80361661,ELECTRICAL HAZARD
5/3/2020 17:22,1408 VILLA PL,36.13995929,-86.7922333,ELECTRICAL HAZARD
5/3/2020 17:22,1030 VILLA PL,36.1444279,-86.7914523,ELECTRICAL HAZARD
5/3/2020 17:23,1853 PRIMROSE AV,36.12215492,-86.80271949,ELECTRICAL HAZARD
5/3/2020 17:25,1651 CHICKERING RD,36.05984766,-86.87453247,ENTRAPMENT / TRAPPED
5/3/2020 17:25,ANDREW JACKSON PKWY / HIGHLAND VIEW DR,36.20686034,-86.60563704,ELECTRICAL HAZARD
5/3/2020 17:25,446 ANNEX AV,36.14765885,-86.88677817,ELECTRICAL HAZARD
5/3/2020 17:25,836 BROOK HOLLOW RD,36.13198886,-86.88285758,ELECTRICAL HAZARD
5/3/2020 17:26,1516 ELM RUN CT,36.13645177,-86.6357122,ELECTRICAL HAZARD
5/3/2020 17:26,8449 ROLLING HILLS DR,36.08782608,-86.98454042,ELECTRICAL HAZARD
5/3/2020 17:28,LEBANON PKE / ANDREW JACKSON PKWY,36.21513253,-86.5976757,OUTSIDE ODOR
5/3/2020 17:28,2910 HOBSON PKE,36.09247871,-86.55537959,MAN DOWN: LIFE STATUS QUESTIONABLE
5/3/2020 17:28,876 GLENDALE LN,36.09268303,-86.78515446,ELECTRICAL HAZARD
5/3/2020 17:28,2410 ELLIOTT AV,36.12587174,-86.77868237,HEART PROBLEMS NOT ALERT
5/3/2020 17:28,4341 CHICKERING LN,36.06325493,-86.86571844,ELECTRICAL HAZARD
5/3/2020 17:29,497 RURAL HILL RD,36.08039914,-86.62517017,ELECTRICAL HAZARD
5/3/2020 17:31,600 DRY CREEK RD,36.31208319,-86.75363372,ELECTRICAL HAZARD
5/3/2020 17:32,SUGAR VALLEY DR / NOLENSVILLE PKE,36.01538879,-86.70567117,ELECTRICAL HAZARD
5/3/2020 17:32,195 KENNER AV,36.11970914,-86.84124209,ELECTRICAL HAZARD
5/3/2020 17:32,5608 STONEWAY TRL,36.13677352,-86.8589731,ELECTRICAL HAZARD
5/3/2020 17:32,768 HAYSTACK LN,36.07168857,-86.68443153,UKNOWN ALARM APARTMENT
5/3/2020 17:33,1155 RURAL HILL RD,36.06696733,-86.64385448,ELECTRICAL HAZARD
5/3/2020 17:35,1208 MARITIME PORT,36.05334306,-86.59825075,RESIDENTIAL FIRE
5/3/2020 17:35,450 ANNEX AV,36.14832882,-86.8858278,ELECTRICAL HAZARD
5/3/2020 17:36,617 LEMONT DR,36.23475291,-86.74383664,ELECTRICAL HAZARD
5/3/2020 17:37,2305 BERNARD AV,36.13147614,-86.80528744,ELECTRICAL HAZARD
5/3/2020 17:38,2012 BAKERS GROVE LN,36.10313614,-86.55185982,ELECTRICAL HAZARD
5/3/2020 17:38,BAKERS GROVE LN / BAKERS GROVE RD,36.10335598,-86.55297828,ENTRAPMENT / TRAPPED
5/3/2020 17:39,930 INDUSTRIAL DR,36.26396822,-86.65888078,DIFFICULTY SPEAKING BETWEEN BREATHS
5/3/2020 17:39,1516 FERGUSON AV,36.11947504,-86.79377506,ELECTRICAL HAZARD
5/3/2020 17:40,1445 ANTIOCH PKE,36.08071677,-86.68660445,BUILDING ENTRAPMENT  UNCONFIRMED
5/3/2020 17:41,3031 JENRY DR,36.176552,-86.64850352,ELECTRICAL HAZARD
5/3/2020 17:41,511 BELLE POST RD,36.10395531,-86.87126444,ELECTRICAL HAZARD
5/3/2020 17:42,MM 211 8 I40 E,36.14892393,-86.74656695,MVA INJURIES:
5/3/2020 17:42,1899 BAKERS GROVE RD,36.11157525,-86.56289301,ELECTRICAL HAZARD
5/3/2020 17:42,2824 BRONTE AV,36.20032674,-86.73655085,ELECTRICAL HAZARD
5/3/2020 17:43,2406 OAKLAND AV,36.12669327,-86.7950837,ELECTRICAL HAZARD
5/3/2020 17:44,4608 ELKINS AV,36.15007179,-86.84298151,ELECTRICAL HAZARD
5/3/2020 17:45,249 BONNACROFT DR,36.19837902,-86.62553451,ELECTRICAL HAZARD
5/3/2020 17:45,2618 WOODBERRY DR,36.16063897,-86.67053808,ELECTRICAL HAZARD
5/3/2020 17:46,5837 BEAUREGARD DR,36.06991811,-86.82223287,ELECTRICAL HAZARD
5/3/2020 17:46,534 NORTHCREST DR,36.06681144,-86.72610621,ELECTRICAL HAZARD
5/3/2020 17:46,1500 CLIFTON LN,36.11455478,-86.79795302,ELECTRICAL HAZARD
5/3/2020 17:47,724 GEORGETOWN DR,36.12045218,-86.89008781,ELECTRICAL HAZARD
5/3/2020 17:48,107 BOWLING AV,36.13912037,-86.82702673,ELECTRICAL HAZARD
5/3/2020 17:48,1809 BEECH AV,36.13590695,-86.78085336,ELECTRICAL HAZARD
5/3/2020 17:48,1809 BEECH AV,36.13590695,-86.78085336,ELECTRICAL HAZARD
5/3/2020 17:48,523 HARDING PL,36.07647299,-86.73483164,ELECTRICAL HAZARD
5/3/2020 17:49,8434 MERRYMOUNT DR,36.08417908,-86.99146368,ELECTRICAL HAZARD
5/3/2020 17:49,8434 MERRYMOUNT DR,36.08417908,-86.99146368,ELECTRICAL HAZARD
5/3/2020 17:50,441 HARDING PL,36.07793397,-86.73064816,ELECTRICAL HAZARD
5/3/2020 17:50,8363 OLD CHARLOTTE PKE,36.11913905,-86.98811141,ELECTRICAL HAZARD
5/3/2020 17:50,215 PEBBLE BROOK,36.07524723,-86.91633247,ELECTRICAL HAZARD
5/3/2020 17:51,141 NEESE DR,36.1073886,-86.72535944,ELECTRICAL HAZARD
5/3/2020 17:52,1445 ANTIOCH PKE,36.08071677,-86.68660445,SICK PERSON: ALTERED LEVEL OF CONSCIOUSNESS
5/3/2020 17:52,500 PARAGON MILLS RD,36.08732133,-86.72404383,ELECTRICAL HAZARD
5/3/2020 17:52,8515 NEWSOM STATION RD,36.08893297,-86.99153345,ELECTRICAL HAZARD
5/3/2020 17:53,8238 EVA DR,36.19718753,-86.61007833,ABNORMAL BREATHING OTHER LUNG PROBLEMS
5/3/2020 17:53,5004 MILLERWOOD DR,36.06296292,-86.7212033,ELECTRICAL HAZARD
5/3/2020 17:54,2136 CLIFF DR ,36.19635966,-86.82556817,GENERAL ALARM COMMERCIAL   INDUSTRIAL BUILD
5/3/2020 17:54,8097 OLD CHARLOTTE PKE,36.11924389,-86.972128,ELECTRICAL HAZARD
5/3/2020 17:54,1412 AUTUMN KNOLL,36.18667749,-86.60002875,ELECTRICAL HAZARD
5/3/2020 17:54,1487 STEWARTS FERRY PKE,36.14434115,-86.58794601,ELECTRICAL HAZARD
5/3/2020 17:55,BARNES RD / NOLENSVILLE PKE,36.03353462,-86.71298704,ELECTRICAL HAZARD
5/3/2020 17:56,709 5TH AV S,36.15205545,-86.7731043,CLAMMY OR COLD SWEATS
5/3/2020 17:56,97 WHITE BRIDGE PKE,36.13100078,-86.85823222,ELECTRICAL HAZARD
5/3/2020 17:56,6653 JOCELYN HOLLOW RD,36.09433633,-86.91440135,ELECTRICAL HAZARD
5/3/2020 17:56,2240 HERMAN ST,36.16245514,-86.81131756,ELECTRICAL HAZARD
5/3/2020 17:57,506 S 7TH ST,36.16837943,-86.75762385,HIGH RISK COMPLICATIONS
5/3/2020 17:58,5595 PETTUS RD,36.02752304,-86.67293828,ELECTRICAL HAZARD
5/3/2020 17:58,721 ASHFIELD CT,36.046381,-86.73581886,ELECTRICAL HAZARD
5/3/2020 17:59,5020 MANUEL DR,36.06755403,-86.75200302,ELECTRICAL HAZARD
5/3/2020 17:59,2215 29TH AV S,36.12942918,-86.81394058,ELECTRICAL HAZARD
5/3/2020 17:59,7484 STACY DR,36.07735729,-86.94171233,ELECTRICAL HAZARD
5/3/2020 17:59,2919 WELLESLEY TRC,36.119375,-86.81262832,ELECTRICAL HAZARD
5/3/2020 17:59,321 53RD AV N,36.15015471,-86.85144518,ELECTRICAL HAZARD
5/3/2020 18:00,2341 DENNYWOOD DR,36.1800475,-86.68424683,ELECTRICAL HAZARD
5/3/2020 18:01,1185 HITT LN,36.31004276,-86.73306449,FD REQUEST FROM DISPATCH
5/3/2020 18:02,MURFREESBORO PKE / ARLINGTON AV,36.13913435,-86.73324054,CITIZEN ASSIST UNKNOWN SITUATION
5/3/2020 18:02,1931 DABBS AV,36.14214114,-86.70457945,ELECTRICAL HAZARD
5/3/2020 18:03,522 SCHOLARSHIP DR,36.15145057,-86.88118215,ELECTRICAL HAZARD
5/3/2020 18:03,860 MURFREESBORO PKE,36.13454206,-86.72204234,ELECTRICAL HAZARD - WIRES DOWN
5/3/2020 18:04,3680 TAMPA DR,36.08115229,-86.70911951,OVERDOSE UNCONSCIOUS - ACCIDENTAL
5/3/2020 18:06,4503 CHANDLER RD,36.19607233,-86.59570994,ELECTRICAL HAZARD
5/3/2020 18:07,357 GILLETTE RD,36.06112229,-86.70874366,ELECTRICAL HAZARD
5/3/2020 18:07,3612 ROUNDWOOD FOREST DR,36.0654132,-86.62081302,ELECTRICAL HAZARD
5/3/2020 18:07,634 E CAMPBELL RD,36.27647989,-86.72777447,FEVER / CHILLS
5/3/2020 18:08,S HARPETH RD / POPLAR CREEK RD,36.04848345,-87.03980895,ELECTRICAL HAZARD
5/3/2020 18:09,6005 DANA WAY ,36.03603644,-86.63625304,SMOKE DETECTOR ALARM COMMERCIAL   INDUSTRIAL BUILD
5/3/2020 18:09,626 DAVIDSON RD,36.11773963,-86.8854696,ELECTRICAL HAZARD
5/3/2020 18:09,1203 ROSEBANK CT,36.18694122,-86.71575126,ELECTRICAL HAZARD
5/3/2020 18:09,212 MELMACK DR,36.07349074,-86.69553669,SMALL BUILDING INVESTIGATION
5/3/2020 18:09,212 MELMACK DR,36.07349074,-86.69553669,SMALL BUILDING INVESTIGATION
5/3/2020 18:10,1032 EDWIN WARNER DR,36.09312187,-86.87960255,CITIZEN ASSIST MEDICAL ASSISTANCE
5/3/2020 18:10,340 PEACHTREE ST,36.12064513,-86.74898642,ENTRAPMENT UNKNOWN SITUATION
5/3/2020 18:10,595 HICKS RD,36.08473979,-86.93702016,SMALL OUTSIDE FIRE
5/3/2020 18:11,DANYACREST DR / LEBANON PKE,36.17993275,-86.64388558,ELECTRICAL HAZARD
5/3/2020 18:11,114 TUCKAHOE SQ E,36.25937558,-86.76510168,SICK PERSON: ABNORMAL BREATHING
5/3/2020 18:11,4220 HARDING PKE,36.12908906,-86.8435637,ELECTRICAL HAZARD
5/3/2020 18:15,418 W HILLWOOD DR,36.12841995,-86.87170305,ELECTRICAL HAZARD
5/3/2020 18:15,849 GLEN AV,36.12917256,-86.78246316,ELECTRICAL HAZARD
5/3/2020 18:15,370 FORREST VALLEY DR,36.10574332,-86.93752312,ELECTRICAL HAZARD
5/3/2020 18:17,I65 N / DUE WEST AV N,36.24995989,-86.74133539,MVA INJURIES:
5/3/2020 18:17,3627 HOODS HILL RD,36.11026535,-86.81410034,ELECTRICAL HAZARD
5/3/2020 18:17,4116 MEDIA ST,36.14542582,-86.83642581,ELECTRICAL HAZARD
5/3/2020 18:18,2131 ELM HILL PKE,36.14878182,-86.69406233,ABNORMAL BREATHING COPD
5/3/2020 18:18,255 WILLOW LN,36.07795631,-86.70997096,ABNORMAL BREATHING COPD
5/3/2020 18:18,4404 HONEYWOOD DR,36.10901671,-86.85073442,ELECTRICAL HAZARD
5/3/2020 18:18,314 WILSON BLVD S,36.12774525,-86.83353334,ELECTRICAL HAZARD
5/3/2020 18:21,5825 CROSSINGS BLVD ,36.03631921,-86.6410088,GENERAL ALARM COMMERCIAL   INDUSTRIAL BUILD
5/3/2020 18:22,1319 BURTON VALLEY RD,36.08539213,-86.81217875,ELECTRICAL HAZARD
5/3/2020 18:22,5902 COLCHESTER DR,36.18233886,-86.58496049,OUTSIDE SMALL TANK LEAK    ODOR
5/3/2020 18:23,1713 RIDGEMERE CT,36.18884386,-86.6022677,ELECTRICAL HAZARD
5/3/2020 18:23,12331 OLD HICKORY BLVD,36.04257204,-86.58686644,ELECTRICAL HAZARD
5/3/2020 18:23,173 JACKSONIAN DR,36.20365529,-86.6355192,ELECTRICAL HAZARD
5/3/2020 18:24,1439 MCALPINE AV,36.21242524,-86.71200333,ELECTRICAL HAZARD
5/3/2020 18:25,3205 LUANN DR,36.07257714,-86.62175119,ELECTRICAL HAZARD
5/3/2020 18:25,4027 LAVERGNE COUCHVILLE PKE,36.05223349,-86.56604835,ELECTRICAL HAZARD
5/3/2020 18:26,7837 HIGHWAY 100,36.04985791,-86.93656024,ELECTRICAL HAZARD
5/3/2020 18:26,130 BROADMOOR DR,36.2293424,-86.75674111,BACKUP STATION
5/3/2020 18:26,2512 NOLENSVILLE PKE,36.11850897,-86.74864307,ELECTRICAL HAZARD
5/3/2020 18:29,641 ALBANY DR,36.20812548,-86.59773965,SICK PERSON: ALTERED LEVEL OF CONSCIOUSNESS
5/3/2020 18:29,1509 17TH AV S,36.13894786,-86.79543267,ELECTRICAL HAZARD
5/3/2020 18:30,553 HARDING PL,36.07700501,-86.73928064,ELECTRICAL HAZARD
5/3/2020 18:30,2215 29TH AV S,36.12942918,-86.81394058,SMALL OUTSIDE FIRE
5/3/2020 18:31,4400 BELMONT PARK TER,36.09935123,-86.80304729,ELECTRICAL HAZARD
5/3/2020 18:32,5041 DOVECOTE DR,36.0690122,-86.76671729,ELECTRICAL HAZARD
5/3/2020 18:32,207 MISTY CAPE CV,36.16177134,-86.59197412,ELECTRICAL HAZARD
5/3/2020 18:33,HART ST / LEWIS ST,36.14223394,-86.75900937,UNCONFIRMED ENTRAPMENT SMALL BUILDING
5/3/2020 18:33,4568 RACCOON TRL,36.19225939,-86.57746871,ELECTRICAL HAZARD
5/3/2020 18:34,3417 LEBANON PKE,36.18872722,-86.62718271,ELECTRICAL HAZARD
5/3/2020 18:34,5111 HARDING PL,36.08988611,-86.68710717,BACKUP STATION
5/3/2020 18:35,1316 TULIP GROVE RD,36.17497254,-86.5956288,GENERAL ALARM APARTMENT
5/3/2020 18:35,1316 TULIP GROVE RD,36.17497254,-86.5956288,GENERAL ALARM APARTMENT
5/3/2020 18:35,MASSMAN DR / GLASTONBURY RD,36.13364812,-86.70239417,ELECTRICAL HAZARD
5/3/2020 18:35,MASSMAN DR / GLASTONBURY RD,36.13364812,-86.70239417,ELECTRICAL HAZARD
5/3/2020 18:35,105 LEXINGTON CT,36.10214738,-86.83356169,ELECTRICAL HAZARD
5/3/2020 18:35,105 LEXINGTON CT,36.10214738,-86.83356169,ELECTRICAL HAZARD
5/3/2020 18:36,3930 PLANTATION DR,36.20115212,-86.62830849,ELECTRICAL HAZARD
5/3/2020 18:36,1722 CAMPBELL RD,36.31016882,-86.77429812,ENTRAPMENT / TRAPPED
5/3/2020 18:36,608 ROCHELLE DR,36.06250923,-86.76314031,ELECTRICAL HAZARD
5/3/2020 18:36,505 BISMARK DR,36.15688999,-86.69775371,ABNORMAL BREATHING
5/3/2020 18:37,522 STARLINER DR,36.14740595,-86.88312218,ELECTRICAL HAZARD
5/3/2020 18:37,2531 GLENROSE AV,36.11812849,-86.72850641,GENERAL ALARM APARTMENT
5/3/2020 18:39,916 W EASTLAND AV,36.18491818,-86.75654184,ELECTRICAL HAZARD
5/3/2020 18:39,BARNES RD / CEDARMONT DR,36.03243983,-86.70816764,ELECTRICAL HAZARD
5/3/2020 18:39,905 KABLE CIR,36.01945863,-86.72442201,CITIZEN ASSIST
5/3/2020 18:40,5655 FRIST BLVD,36.17576892,-86.60775527,CRITICAL TRANSFER
5/3/2020 18:40,303 50TH AV N,36.14889722,-86.84737449,ELECTRICAL HAZARD
5/3/2020 18:42,11 MUSIC CIR N,36.15041144,-86.79089155,ELECTRICAL HAZARD
5/3/2020 18:42,12TH AV S / SWEETBRIAR AV,36.12406036,-86.78974362,ELECTRICAL HAZARD
5/3/2020 18:43,2112 19TH AV S,36.13109244,-86.79842885,ELECTRICAL HAZARD
5/3/2020 18:43,845 OTTER CREEK RD,36.06239453,-86.78145556,ELECTRICAL HAZARD
5/3/2020 18:43,236 BLACKMAN RD,36.07453249,-86.73656573,ELECTRICAL HAZARD
5/3/2020 18:44,718 TEMPLETON DR,36.12568303,-86.88766095,ELECTRICAL HAZARD
5/3/2020 18:44,4491 CHANDLER RD,36.19580073,-86.59796489,ELECTRICAL HAZARD
5/3/2020 18:44,271 HOLT HILLS RD,36.02690786,-86.72511484,ELECTRICAL HAZARD
5/3/2020 18:45,3035 HAMILTON CHURCH RD,36.06107822,-86.62847289,POSSIBLY DANGEROUS HEMORRHAGE TRAUMA
5/3/2020 18:46,2711 BELMONT BLVD,36.12285003,-86.79503095,ELECTRICAL HAZARD
5/3/2020 18:47,1402 17TH AV S,36.1405654,-86.79467545,ELECTRICAL HAZARD
5/3/2020 18:47,433 CEDARVIEW DR,36.04207874,-86.70405004,ELECTRICAL HAZARD
5/3/2020 18:48,3221 LAKELAND DR,36.15571405,-86.64196304,ELECTRICAL HAZARD
5/3/2020 18:48,COPPERFIELD CT / CLOVERLAND DR,36.03114183,-86.75141477,ELECTRICAL HAZARD
5/3/2020 18:48,LEWIS RD / GRIFFITH RD,36.04216116,-86.99015475,ELECTRICAL HAZARD
5/3/2020 18:50,2560 SOMERSET DR,36.08435851,-86.63276563,ELECTRICAL HAZARD
5/3/2020 18:50,3441 BENHAM AV,36.11663403,-86.80744553,ELECTRICAL HAZARD
5/3/2020 18:50,122 KEYWAY DR,36.1021791,-86.87394785,ELECTRICAL HAZARD
5/3/2020 18:51,1201 STOCKELL ST,36.19228217,-86.76817964,ELECTRICAL HAZARD
5/3/2020 18:51,1253 BRENTWOOD HIGHLANDS DR,36.03489009,-86.71663341,ELECTRICAL HAZARD
5/3/2020 18:51,213 FOXWOOD LN,36.15972357,-86.71109844,WATER PROBLEM WITH ELECTRICAL HAZARD
5/3/2020 18:51,1228 JOSEPH AV,36.19376023,-86.77148387,ELECTRICAL HAZARD
5/3/2020 18:52,50 VAUGHNS GAP RD,36.08428648,-86.88525871,ELECTRICAL HAZARD
5/3/2020 18:53,7931 MCCRORY LN,36.08732888,-87.02831014,ELECTRICAL HAZARD
5/3/2020 18:53,CRAIGHEAD AV / PEACH BLOSSOM SQ,36.1304752,-86.82731913,ELECTRICAL HAZARD
5/3/2020 18:54,601 BROOKS MILL CIR,36.16881631,-86.61339993,OUTSIDE NATURAL GAS ODOR RESIDENTIAL LINE   TANK LESS 5 GALL
5/3/2020 18:54,5806 VINE RIDGE DR,36.13283676,-86.86429356,ELECTRICAL HAZARD
5/3/2020 18:55,5600 COUNTRY DR,36.04748446,-86.70771517,ELECTRICAL HAZARD
5/3/2020 18:55,3716 BAKERTOWN RD,36.07622645,-86.69240571,ELECTRICAL HAZARD
5/3/2020 18:55,1018 N 7TH ST,36.18953441,-86.76012754,ELECTRICAL HAZARD
5/3/2020 18:55,6008 JOCELYN HOLLOW RD,36.11531872,-86.87147511,ELECTRICAL HAZARD
5/3/2020 18:56,7216 BELLE CHASSE DR,36.05846776,-86.96823569,ELECTRICAL HAZARD
5/3/2020 18:56,MURFREESBORO PKE / FOREST VIEW DR,36.06742119,-86.63125377,DIFFICULTY SPEAKING BETWEEN BREATHS ASTHMA
5/3/2020 18:57,2808 WESTWOOD AV,36.12748006,-86.81322071,HOUSE NATURAL GAS ODOR
5/3/2020 18:57,184 TUSCULUM RD,36.05501383,-86.69493086,UNKNOWN STATUS:
5/3/2020 18:58,3216 BLUEWATER TRC,36.07951376,-86.61622406,ELECTRICAL HAZARD
5/3/2020 18:58,3715 FAULKNER DR,36.07746125,-86.71174296,FD REQUEST FROM DISPATCH
5/3/2020 18:59,729 JOSEPH AV,36.18401207,-86.7722588,ELECTRICAL HAZARD
5/3/2020 18:59,1445 ANTIOCH PKE,36.08071677,-86.68660445,CHEST PAIN - NOT ALERT
5/3/2020 19:01,3053 BRICK CHURCH PKE,36.23183952,-86.78025971,OVERDOSE - INTENTIONAL NO PRIORITY SYMPTOMS
5/3/2020 19:02,621 GIBSON DR,36.25761517,-86.71916202,ELECTRICAL HAZARD
5/3/2020 19:02,512 RADNOR ST,36.10545588,-86.74587787,ELECTRICAL HAZARD
5/3/2020 19:03,474 FRANKLIN LIMESTONE RD,36.08582635,-86.66415017,ELECTRICAL HAZARD
5/3/2020 19:03,408 HICKORY WOODS CT,36.02756727,-86.58385973,ELECTRICAL HAZARD
5/3/2020 19:04,320 OLD HICKORY BLVD,36.08837003,-86.91759571,DIFFICULTY SPEAKING BETWEEN BREATHS COPD
5/3/2020 19:04,1025 OVERTON LEA RD,36.07635321,-86.79483456,ELECTRICAL HAZARD
5/3/2020 19:04,87 DONELSON ST,36.15086752,-86.75496512,ELECTRICAL HAZARD
5/3/2020 19:05,2429 CROCKER SPRINGS RD,36.31791415,-86.81329472,SICK PERSON: ABNORMAL BREATHING
5/3/2020 19:05,4424 S TRACE BLVD,36.22160565,-86.62907332,ELECTRICAL HAZARD
5/3/2020 19:05,412 ASHEFORD CT,36.04202641,-86.62518762,ELECTRICAL HAZARD
5/3/2020 19:06,501 BRICK CHURCH PARK DR,36.22512326,-86.78658612,GENERAL ALARM COMMERCIAL   INDUSTRIAL BUILD
5/3/2020 19:07,3143 HUNTERS HILL RD,36.17805002,-86.66957217,ELECTRICAL HAZARD
5/3/2020 19:07,4817 JASON DR,36.07256648,-86.66779856,ELECTRICAL HAZARD
5/3/2020 19:07,1310 24TH AV S,36.14208388,-86.80394548,GENERAL ALARM COMMERCIAL   INDUSTRIAL BUILD
5/3/2020 19:07,MURFREESBORO PKE / MT VIEW RD,36.05432377,-86.61873388,ELECTRICAL HAZARD
5/3/2020 19:07,97 WHITE BRIDGE PKE,36.13100078,-86.85823222,ELECTRICAL HAZARD
5/3/2020 19:08,521 ST PAUL DR,36.21072219,-86.59330952,ELECTRICAL HAZARD
5/3/2020 19:08,500 WEDGEWOOD AV,36.13289663,-86.76502867,ABNORMAL BREATHING
5/3/2020 19:09,5825 CROSSINGS BLVD ,36.03631921,-86.6410088,GENERAL ALARM COMMERCIAL   INDUSTRIAL BUILD
5/3/2020 19:09,5529 CLARKSVILLE PKE,36.28041586,-86.87633364,SICK PERSON: NOT ALERT
5/3/2020 19:10,1202 KELLER AV,36.20321831,-86.73450525,ELECTRICAL HAZARD
5/3/2020 19:10,1521 ARTHUR AV ,36.17596799,-86.79954359,GENERAL ALARM HOUSE
5/3/2020 19:10,4821 LINDELL ST,36.23222583,-86.72811366,OVERDOSE NOT ALERT - ACCIDENTAL
5/3/2020 19:10,5021 DOVECOTE DR,36.07050253,-86.76640382,ELECTRICAL HAZARD
5/3/2020 19:10,FREDRICKSBURG DR / TYNE BLVD,36.07211222,-86.82593328,ELECTRICAL HAZARD
5/3/2020 19:11,918 KIRKWOOD AV,36.12039363,-86.78401833,ELECTRICAL HAZARD
5/3/2020 19:11,7446 RIVER ROAD PKE,36.14961881,-86.95775983,ELECTRICAL HAZARD
5/3/2020 19:11,4230 FRANKLIN PKE,36.09466346,-86.77084037,ELECTRICAL HAZARD
5/3/2020 19:12,4844 BARCLAY SQUARE DR,36.071509,-86.6658549,ELECTRICAL HAZARD
5/3/2020 19:12,BUFFALO RD / FIRE TOWER RD,36.11519095,-86.9662537,ELECTRICAL HAZARD
5/3/2020 19:12,6572 MARAUDER DR,36.14320924,-86.88606283,ELECTRICAL HAZARD
5/3/2020 19:13,850 RICHARDS RD,36.06989646,-86.68067081,ELECTRICAL HAZARD
5/3/2020 19:15,3114 WINDEMERE CIR,36.18131273,-86.67595476,ELECTRICAL HAZARD
5/3/2020 19:16,213 BELINDA DR,36.203971,-86.61155985,ELECTRICAL HAZARD
5/3/2020 19:16,213 BELINDA DR,36.203971,-86.61155985,ELECTRICAL HAZARD
5/3/2020 19:16,915 WESTVIEW AV,36.08923635,-86.85306817,CARBON MONOXIDE ALARM HOUSE
5/3/2020 19:17,8166 HIGHWAY 70 S,36.08806898,-86.97313757,ELECTRICAL HAZARD
5/3/2020 19:17,2745 LEBANON PKE,36.16749915,-86.66412887,CHEST PAIN - BREATHING NORMALLY >35 YEARS
5/3/2020 19:17,2284 MURFREESBORO PKE,36.08840541,-86.64748049,WATERFLOW ALARM COMMERCIAL COMMERCIAL   INDUSTRIAL BUILD
5/3/2020 19:18,3625 FLORAL DR,36.09588388,-86.73472683,ELECTRICAL HAZARD
5/3/2020 19:19,1601 RIVERWOOD DR,36.21477735,-86.70947719,ELECTRICAL HAZARD
5/3/2020 19:19,6555 JOCELYN HOLLOW RD,36.10165341,-86.90309408,ELECTRICAL HAZARD
5/3/2020 19:20,209 WAUFORD DR,36.07501663,-86.73896656,ELECTRICAL HAZARD
5/3/2020 19:20,1713 6TH AV N,36.18232551,-86.7944036,ELECTRICAL HAZARD
5/3/2020 19:20,ASBURY LN / WESLEY CT,36.20621089,-86.60796128,ELECTRICAL HAZARD
5/3/2020 19:21,728 S 7TH ST,36.16612548,-86.75725658,ABDOMINAL PAIN
5/3/2020 19:21,5002 LEWISDALE CT,36.06568493,-86.72432594,ELECTRICAL HAZARD
5/3/2020 19:21,2504 SLEEPY HOLLOW DR,36.08178566,-86.64196168,ELECTRICAL HAZARD
5/3/2020 19:22,5249 RICE RD,36.06584127,-86.63841515,ELECTRICAL HAZARD - WIRES DOWN
5/3/2020 19:24,SMITH SPRINGS RD / BELL RD,36.09034493,-86.62650205,ELECTRICAL HAZARD
5/3/2020 19:24,2152 BYRUM AV,36.13444853,-86.7632579,ELECTRICAL HAZARD
5/3/2020 19:24,RICHARDS RD / LORI DR,36.06872842,-86.67814889,ELECTRICAL HAZARD
5/3/2020 19:24,2640 PULLEY RD,36.12228291,-86.63476951,ELECTRICAL HAZARD
5/3/2020 19:25,4837 BRICK CHURCH PKE,36.31297903,-86.77772234,ELECTRICAL HAZARD
5/3/2020 19:25,1003 HICKORY HILL LN ,36.18873495,-86.63039336,GENERAL ALARM COMMERCIAL   INDUSTRIAL BUILD
5/3/2020 19:25,1522 KIRKWOOD AV,36.12145504,-86.79370377,ELECTRICAL HAZARD
5/3/2020 19:25,20 N HILL ST,36.14534545,-86.76126269,ELECTRICAL HAZARD
5/3/2020 19:26,878 FOREST ACRES CT,36.05929812,-86.78062894,ELECTRICAL HAZARD
5/3/2020 19:26,400 DR MARTIN L KING JR BLVD,36.16643031,-86.78151647,CHEST PAIN - ABNORMAL BREATHING
5/3/2020 19:27,644 DES MOINES DR,36.20787532,-86.60359361,ELECTRICAL HAZARD
5/3/2020 19:27,3100 WINGATE AV,36.1047185,-86.73443097,ELECTRICAL HAZARD
5/3/2020 19:28,518 DEBBIE DR,36.21072604,-86.58580226,ELECTRICAL HAZARD
5/3/2020 19:30,144 SAXON MIST DR,36.09626168,-86.60781336,ELECTRICAL HAZARD
5/3/2020 19:31,522 COPPERFIELD WAY,36.03782967,-86.74913429,ABNORMAL BREATHING ASTHMA
5/3/2020 19:32,5584 MT VIEW RD,36.04333533,-86.63137233,MVA INJURIES:
5/3/2020 19:33,860 MURFREESBORO PKE,36.13598752,-86.72145843,SMOKE DETECTOR ALARM APARTMENT
5/3/2020 19:34,1968 BAKERS GROVE RD,36.11270744,-86.56815957,ELECTRICAL HAZARD
5/3/2020 19:35,5000 MOUNTAIN SPRINGS RD,36.04447915,-86.6104729,OVERDOSE - UNKNOWN STATUS
5/3/2020 19:35,2501 DAVID DR,36.16132206,-86.67475496,DIZZINESS / VERTIGO
5/3/2020 19:37,207 WILSON BLVD S,36.12900656,-86.83404996,ELECTRICAL HAZARD
5/3/2020 19:37,64 JAY ST,36.11893935,-86.73622264,ELECTRICAL HAZARD
5/3/2020 19:38,5335 WEBER RD,36.19446009,-86.61172856,ELECTRICAL HAZARD
5/3/2020 19:38,926 S DOUGLAS AV,36.13052783,-86.78382251,ELECTRICAL HAZARD
5/3/2020 19:39,2941 LEBANON PKE ,36.1708318,-86.65258248,GENERAL ALARM COMMERCIAL   INDUSTRIAL BUILD
5/3/2020 19:40,3300 WEST END AV,36.14117907,-86.81822138,ELECTRICAL HAZARD
5/3/2020 19:40,LONE OAK RD / OVERHILL DR,36.09809983,-86.80966329,ELECTRICAL HAZARD
5/3/2020 19:41,3718 BRIGHTON RD,36.12652709,-86.83069172,ELECTRICAL HAZARD
5/3/2020 19:41,1910 COUNTY HOSPITAL RD,36.19325269,-86.83367527,OTHER PAIN
5/3/2020 19:42,8128 LUREE LN,36.19623382,-86.61526385,ELECTRICAL HAZARD
5/3/2020 19:42,184 ANTIOCH PKE,36.1012558,-86.73189208,ELECTRICAL HAZARD - WIRES DOWN
5/3/2020 19:43,717 RIVERCREST PASS,36.17200415,-86.65320348,OUTSIDE NATURAL GAS LEAK RESIDENTIAL LINR   TANK LESS 5 GALL
5/3/2020 19:43,2808 10TH AV S,36.1213878,-86.7863319,ELECTRICAL HAZARD
5/3/2020 19:43,4008 COLORADO AV,36.14213436,-86.83378071,ELECTRICAL HAZARD
5/3/2020 19:44,3106 CLOVERWOOD DR,36.15704392,-86.651767,ELECTRICAL HAZARD
5/3/2020 19:44,3106 CLOVERWOOD DR,36.15704392,-86.651767,ELECTRICAL HAZARD
5/3/2020 19:44,4727 W LONGDALE DR,36.07753909,-86.74604526,ELECTRICAL HAZARD
5/3/2020 19:46,MARITIME PORT / PRIESTSHORE BAY,36.0544792,-86.59784383,ELECTRICAL HAZARD
5/3/2020 19:47,97 WHITE BRIDGE PKE,36.13100078,-86.85823222,ELECTRICAL HAZARD
5/3/2020 19:48,15354 OLD HICKORY BLVD,36.04123746,-86.72854173,ELECTRICAL HAZARD
5/3/2020 19:48,15354 OLD HICKORY BLVD,36.04123746,-86.72854173,ELECTRICAL HAZARD
5/3/2020 19:48,3733 WHARTON DR,36.07533334,-86.6904128,ELECTRICAL HAZARD
5/3/2020 19:48,1908 ELLIOTT AV,36.13275079,-86.78287243,ELECTRICAL HAZARD
5/3/2020 19:49,1100 DR MARTIN L KING JR BLVD,36.16215548,-86.7910289,PULL STATION ALARM COMMERCIAL   INDUSTRIAL BUILD
5/3/2020 19:50,4932 CIMARRON WAY,36.05859639,-86.68887482,ELECTRICAL HAZARD
5/3/2020 19:51,413 BARKLEY CT,36.03626483,-86.67887083,ELECTRICAL HAZARD
5/3/2020 19:52,1374 RURAL HILL RD,36.05599085,-86.64984682,MVA INJURIES:
5/3/2020 19:52,1617 LEBANON PKE,36.15065008,-86.71734718,NO DIFFICULTY BREATHING SWALLOWING MAY HAVE RASH OR ITCHING
5/3/2020 19:53,233 HAYWOOD LN,36.06962156,-86.69793258,ELECTRICAL HAZARD
5/3/2020 19:54,STRATFORD AV / SHELTON AV,36.21056965,-86.71908367,ELECTRICAL HAZARD
5/3/2020 19:54,1111 BELL RD,36.04580804,-86.66314676,MAN DOWN: LIFE STATUS QUESTIONABLE
5/3/2020 19:54,1104 CALDWELL LN,36.10665286,-86.79305694,ELECTRICAL HAZARD
5/3/2020 19:54,3342 EZELL RD,36.07902402,-86.68942767,ELECTRICAL HAZARD
5/3/2020 19:56,1036 NEW PROVIDENCE PASS,36.2584074,-86.68598453,PSYCHIATRIC UNKNOWN STATUS
5/3/2020 19:57,1404 RAVENNA CT N,36.07988354,-86.59979387,ELECTRICAL HAZARD
5/3/2020 19:57,455 SWISS AV,36.04185249,-86.71764579,ELECTRICAL HAZARD
5/3/2020 19:59,357 GILLETTE RD,36.06112229,-86.70874366,ELECTRICAL HAZARD
5/3/2020 19:59,61 EAST THOMPSON LN,36.11001758,-86.72511384,CLAMMY OR COLD SWEATS
5/3/2020 20:00,487 ELLENWOOD DR,36.05803513,-86.73379115,ELECTRICAL HAZARD
5/3/2020 20:00,3531 HUNTLAND DR,36.27471998,-86.84200841,DIFFICULTY SPEAKING BETWEEN BREATHS
5/3/2020 20:00,6009 HAWKDALE DR,36.02902167,-86.71432842,ABNORMAL BREATHING
5/3/2020 20:02,5017 MAYWOOD DR,36.07028667,-86.75739751,ELECTRICAL HAZARD
5/3/2020 20:03,250 NEW SAWYER BROWN RD,36.08636087,-86.94162266,ELECTRICAL HAZARD
5/3/2020 20:03,520 CROLEY DR,36.15136541,-86.87269867,CONTINUOUS OR MULTIPLE SEIZURES
5/3/2020 20:03,636 ROXANNE DR,36.04912618,-86.69072365,ELECTRICAL HAZARD
5/3/2020 20:04,912 PERCY WARNER BLVD,36.08353624,-86.88386156,ELECTRICAL HAZARD
5/3/2020 20:07,6048 ROBIN HILL RD,36.11306159,-86.87554271,ELECTRICAL HAZARD
5/3/2020 20:07,48 TRIMBLE ST,36.14624407,-86.75967223,ELECTRICAL HAZARD
5/3/2020 20:08,1025 BRET RIDGE DR,36.18645132,-86.60540133,ELECTRICAL HAZARD
5/3/2020 20:08,2723 ANDERSON RD,36.0743179,-86.63345587,ELECTRICAL HAZARD
5/3/2020 20:09,810 BELLEVUE RD,36.07184228,-86.94056055,CHEST PAIN - NOT ALERT
5/3/2020 20:10,310 PRINCE AV,36.20615415,-86.76172448,ELECTRICAL HAZARD
5/3/2020 20:10,108 ORIEL AV,36.12228781,-86.74119035,ELECTRICAL HAZARD
5/3/2020 20:12,5044 MARC DR,36.02722712,-86.7383493,ELECTRICAL HAZARD
5/3/2020 20:13,3741 ASHEFORD TRC,36.04279994,-86.62448385,ELECTRICAL HAZARD
5/3/2020 20:13,7245 GREEN MEADOWS LN,36.06791495,-86.93687573,CITIZEN ASSIST  NON MEDICAL
5/3/2020 20:13,840 MERIDIAN ST,36.18655994,-86.76845142,CHEST PAIN - BREATHING NORMALLY <35 YEARS
5/3/2020 20:13,FRANKLIN PKE / FARRELL RD,36.07183463,-86.77407855,ELECTRICAL HAZARD
5/3/2020 20:14,5836 ROBERT E LEE DR,36.06565888,-86.82678817,ELECTRICAL HAZARD
5/3/2020 20:15,3933 KEELEY DR,36.06632986,-86.69724832,INEFFECTIVE BREATHING
5/3/2020 20:15,832 WEDGEWOOD AV,36.13474976,-86.78168501,UNWELL / ILL
5/3/2020 20:16,3800 SAM BONEY DR,36.08995536,-86.72827512,DIFFICULTY SPEAKING BETWEEN BREATHS
5/3/2020 20:16,404 HUNTERS PATH CT,36.18885847,-86.60631122,INEFFECTIVE BREATHING COPD
5/3/2020 20:18,805 CAINBROOK CT,36.04260162,-86.62899206,ELECTRICAL HAZARD
5/3/2020 20:18,3809 CHAMBERS DR,36.0704168,-86.70777658,ELECTRICAL HAZARD
5/3/2020 20:18,3868 CENTRAL PKE ,36.17396057,-86.60850049,GENERAL ALARM COMMERCIAL   INDUSTRIAL BUILD
5/3/2020 20:19,OLD HICKORY BLVD / ANDREW JACKSON PKWY,36.18366039,-86.61066797,ELECTRICAL HAZARD
5/3/2020 20:20,2306 ST LOUIS ST,36.18147854,-86.81519557,ELECTRICAL HAZARD
5/3/2020 20:22,3044 BLUFFHOLLOW GAP,36.02934787,-86.67681432,POSSIBLY DANGEROUS BODY AREA STILL ON THE GROUND
5/3/2020 20:23,990 GREERLAND DR,36.10075419,-86.78994691,OUTSIDE FIRE INVESTIGATION
5/3/2020 20:23,6202 CHARLOTTE PKE,36.14724667,-86.86950535,ELECTRICAL HAZARD
5/3/2020 20:25,499 SWISS AV,36.03824013,-86.7189173,DIFFICULTY SPEAKING BETWEEN BREATHS COPD
5/3/2020 20:25,709 5TH AV S,36.15205545,-86.7731043,SICK PERSON UNKNOWN STATUS
5/3/2020 20:25,2704 GLENOAKS DR,36.19023084,-86.67105011,SMOKE DETECTOR ALARM HOUSE
5/3/2020 20:26,1 BUCKLAND ABBEY,36.09231502,-86.83852696,RESIDENTIAL FIRE
5/3/2020 20:27,4806 TROUSDALE DR,36.0765912,-86.75849485,OUTSIDE RESIDENTIAL LINE   ODOR WITH MULT PATIENTS
5/3/2020 20:27,4806 TROUSDALE DR,36.0765912,-86.75849485,OUTSIDE RESIDENTIAL LINE   ODOR WITH MULT PATIENTS
5/3/2020 20:27,2846 SUGARTREE RD,36.11004198,-86.82540723,ELECTRICAL HAZARD
5/3/2020 20:27,506 GARFIELD ST,36.1821811,-86.79304489,SMALL BUILDING INVESTIGATION
5/3/2020 20:28,LAFAYETTE ST / CLAIBORNE ST,36.14840758,-86.76119338,HIGH MECHANISM: AUTO VS PEDESTRIAN
5/3/2020 20:29,1612 ELM HILL PKE ,36.14538781,-86.71607231,GENERAL ALARM COMMERCIAL   INDUSTRIAL BUILD
5/3/2020 20:32,1003 HICKORY HILL LN ,36.18873495,-86.63039336,GENERAL ALARM COMMERCIAL   INDUSTRIAL BUILD
5/3/2020 20:32,4805 AARON DR,36.03471458,-86.67951132,OVERDOSE ABNORMAL BREATHING - ACCIDENTAL
5/3/2020 20:33,OLD HICKORY BLVD / JUAREZ DR,36.19232954,-86.61630115,UNKNOWN STATUS:
5/3/2020 20:34,1905 PAMELA DR,36.14041677,-86.70470378,ELECTRICAL HAZARD
5/3/2020 20:34,749 DARDEN PL,36.12583011,-86.87961125,ELECTRICAL HAZARD
5/3/2020 20:36,EDMONDSON PKE / NOLENSVILLE PKE,36.07710411,-86.7255657,SEIZURE: EFFECTIVE BREATHING NOT VERIFIED <35
5/3/2020 20:37,4301 ESTESWOOD DR,36.09950275,-86.84146648,ELECTRICAL HAZARD
5/3/2020 20:40,87 ELBERTA ST,36.11783003,-86.7404322,ELECTRICAL HAZARD
5/3/2020 20:40,I24 W / BELL RD,36.04537322,-86.65885054,UNKNOWN STATUS:
5/3/2020 20:40,1211 MEDICAL CENTER DR ,36.14240652,-86.80159753,GENERAL ALARM COMMERCIAL   INDUSTRIAL BUILD
5/3/2020 20:40,326 PARAGON MILLS RD,36.08833227,-86.71625782,ELECTRICAL HAZARD
5/3/2020 20:40,2513 DAVID DR,36.16112669,-86.67261519,ELECTRICAL HAZARD
5/3/2020 20:41,309 LUNA DR,36.08027146,-86.69273336,ELECTRICAL HAZARD
5/3/2020 20:42,115 GLEN COVE TRL,36.16237045,-86.59325168,ELECTRICAL HAZARD
5/3/2020 20:43,920 S DOUGLAS AV,36.13044871,-86.78338777,ELECTRICAL HAZARD
5/3/2020 20:43,VAUGHNS GAP RD / HARDING PKE,36.09259114,-86.88542836,UNKNOWN STATUS:
5/3/2020 20:43,356 MELPAR DR,36.06518117,-86.70869075,ELECTRICAL HAZARD
5/3/2020 20:45,3301 CALAIS CIR,36.06764246,-86.62325732,MVA OTHER HAZARDS
5/3/2020 20:45,2300 CLOVERDALE RD,36.15997986,-86.68678982,ELECTRICAL HAZARD
5/3/2020 20:45,S NEW HOPE RD / JOHN HAGAR RD,36.1548823,-86.58653758,ELECTRICAL HAZARD
5/3/2020 20:46,2416 PLUM ST,36.21509537,-86.7661323,NOT ALERT
5/3/2020 20:47,2207 ELLIOTT DR,36.24875846,-86.64048797,OVERDOSE UNCONSCIOUS - INTENTIONAL
5/3/2020 20:47,2515 PARK PLZ ,36.1523278,-86.81560661,GENERAL ALARM COMMERCIAL   INDUSTRIAL BUILD
5/3/2020 20:48,7443 HUNTWICK TRL,36.09620952,-86.98266847,ELECTRICAL HAZARD
5/3/2020 20:49,1800 DIVISION ST,36.15163657,-86.79420937,POSSIBLY DANGEROUS HEMORRHAGE MEDICAL
5/3/2020 20:49,1439 MCALPINE AV,36.21242524,-86.71200333,ELECTRICAL HAZARD
5/3/2020 20:50,1035 NAVE CT,36.1729875,-86.65144824,SMOKE DETECTOR ALARM HOUSE
5/3/2020 20:50,461 CUMBERLAND PL,36.09208997,-86.81434313,SMOKE DETECTOR ALARM HOUSE
5/3/2020 20:50,3526 MURPHY RD,36.14048336,-86.82660678,ELECTRICAL HAZARD
5/3/2020 20:51,614 THOMPSON LN,36.11152261,-86.75373598,CHEST PAIN - HEART ATTACK OR ANGINA HISTORY
5/3/2020 20:54,399 COVENTRY DR,36.07890059,-86.73152351,ELECTRICAL HAZARD
5/3/2020 20:54,404 WILSONIA AV,36.12879296,-86.86619052,CARBON MONOXIDE ALARM HOUSE
5/3/2020 20:55,2920 22ND AV S,36.11991225,-86.8137934,ELECTRICAL HAZARD
5/3/2020 20:55,2102 12TH AV N,36.18589479,-86.80796321,SUICIDAL  NOT THREATENING  ALERT
5/3/2020 20:56,2721 MCKEIGE DR,36.15420096,-86.66987882,ELECTRICAL HAZARD
5/3/2020 20:57,1612 ELM HILL PKE ,36.14538781,-86.71607231,GENERAL ALARM COMMERCIAL   INDUSTRIAL BUILD
5/3/2020 20:58,4029 OUTER DR,36.10151653,-86.78371635,ELECTRICAL HAZARD
5/3/2020 20:58,915 WESTVIEW AV,36.08923635,-86.85306817,CARBON MONOXIDE ALARM HOUSE
5/3/2020 20:59,1709 21ST AV N,36.17764831,-86.81155623,DIFFICULTY SPEAKING BETWEEN BREATHS COPD
5/3/2020 21:00,1145 BALBADE DR,36.07312332,-86.84877929,ELECTRICAL HAZARD
5/3/2020 21:02,1021 BATTLEFIELD DR,36.11477294,-86.78978533,ELECTRICAL HAZARD
5/3/2020 21:03,5760 OLD HICKORY BLVD,36.17257049,-86.60166623,MVA INJURIES: MULTIPLE PATIENTS
5/3/2020 21:03,516 AMERICAN RD,36.15077682,-86.87809993,CHEST PAIN - BREATHING NORMALLY >35 YEARS
5/3/2020 21:04,3112 NOLENSVILLE PKE ,36.10291876,-86.74074485,CARBON MONOXIDE ALARM COMMERCIAL   INDUSTRIAL BUILD
5/3/2020 21:06,3120 BOULDER PARK DR,36.15288567,-86.64749921,ELECTRICAL HAZARD
5/3/2020 21:06,4415 SCENIC DR,36.09135779,-86.79537376,ELECTRICAL HAZARD
5/3/2020 21:07,331 PLUS PARK BLVD,36.13272498,-86.72426303,ABNORMAL BREATHING ASTHMA
5/3/2020 21:08,5377 TROUSDALE DR,36.05117309,-86.7591527,ELECTRICAL HAZARD
5/3/2020 21:08,4717 HAZELWOOD CIR,36.08346704,-86.77600974,ELECTRICAL HAZARD
5/3/2020 21:09,627 SHELBY AV,36.16942259,-86.75816033,OBVIOUS DEATH
5/3/2020 21:10,2634 MIAMI AV,36.24115794,-86.70819468,ELECTRICAL HAZARD
5/3/2020 21:11,97 WHITE BRIDGE PKE,36.13151646,-86.85749637,ELECTRICAL HAZARD
5/3/2020 21:12,461 CUMBERLAND PL,36.09208997,-86.81434313,SMOKE DETECTOR ALARM HOUSE
5/3/2020 21:17,119 HAVERFORD DR,36.10356064,-86.87244602,ELECTRICAL HAZARD
5/3/2020 21:20,311 SHEPHERD HILLS DR,36.2926245,-86.68966375,UNKNOWN STATUS
5/3/2020 21:21,300 BERKLEY DR,36.24613304,-86.71405845,SICK PERSON: ABNORMAL BREATHING
5/3/2020 21:22,ROSA L PARKS BLVD / I65 N,36.18421874,-86.79806789,HIGH MECHANISM: AUTO VS PEDESTRIAN
5/3/2020 21:23,3144 DICKERSON PKE,36.2328698,-86.7594718,OVERDOSE - ACCIDENTAL NO PRIORITY SYMPTOMS
5/3/2020 21:24,2244 STRATFORD AV,36.20536041,-86.71655259,ABNORMAL BREATHING ASTHMA
5/3/2020 21:25,4120 RIDGEFIELD DR,36.12491093,-86.84491538,WATERFLOW ALARM APARTMENT
5/3/2020 21:25,4000 NOLENSVILLE PKE,36.0846514,-86.72751548,UNKNOWN STATUS
5/3/2020 21:26,BLUE HOLE RD / BELL RD,36.04574576,-86.67435517,UNKNOWN STATUS:
5/3/2020 21:27,902 DUE WEST AV N,36.25630155,-86.74754273,ELECTRICAL HAZARD
5/3/2020 21:28,COPPERFIELD CT / CLOVERLAND DR,36.03114183,-86.75141477,MVA INJURIES:
5/3/2020 21:29,413 FOOTHILL DR,36.12888169,-86.72010498,MEDICAL ALARM NOTIFICATION
5/3/2020 21:29,BELL RD / COLLINS PARK DR,36.04602974,-86.65793869,UNCONSCIOUS AGONAL INEFFECTIVE BREATHING
5/3/2020 21:31,MURFREESBORO PKE / HOBSON PKE,36.04286195,-86.60656068,MVA INJURIES:
5/3/2020 21:32,DICKERSON PKE / E TRINITY LN,36.20589953,-86.76861744,HIGH MECHANISM: AUTO VS BICYCLE OR AUTO VS MOTOROCYCLE
5/3/2020 21:33,908 ARBOR CREEK WAY,36.1326399,-86.69826209,ASSAULT UNKNOWN STATUS PHYSICAL
5/3/2020 21:33,621 ELAINE DR,36.08295436,-86.75186767,UNKNOWN ENTRAPMENT  UNCONFIRMED
5/3/2020 21:34,5319 NOLENSVILLE PKE,36.05319785,-86.71501549,UKNOWN ALARM APARTMENT
5/3/2020 21:36,3614 GENERAL BATE DR,36.1072611,-86.7847644,SMALL OUTSIDE FIRE
5/3/2020 21:36,113 VOSSLAND DR,36.097838,-86.87937107,ELECTRICAL HAZARD
5/3/2020 21:38,6015 FIRE TOWER RD,36.11554071,-86.96310439,ELECTRICAL HAZARD
5/3/2020 21:39,707 HARDING PL,36.08079192,-86.75569462,PSYCHIATRIC UNKNOWN STATUS
5/3/2020 21:39,520 EDWIN ST,36.20355237,-86.75591384,ELECTRICAL HAZARD
5/3/2020 21:39,520 EDWIN ST,36.20355237,-86.75591384,ELECTRICAL HAZARD
5/3/2020 21:39,2930 LAKELAND DR,36.15375768,-86.6552377,SMALL GRASS FIRE
5/3/2020 21:40,4507 PRICE CIRCLE RD,36.13171915,-86.86147612,ELECTRICAL HAZARD
5/3/2020 21:41,1809 ELECTRIC AV,36.16723961,-86.73850081,ELECTRICAL HAZARD
5/3/2020 21:43,45 JAY ST,36.11830888,-86.73392263,ELECTRICAL HAZARD
5/3/2020 21:44,625 TEMPLEWOOD CT,36.15483998,-86.64959188,ELECTRICAL HAZARD
5/3/2020 21:44,558 LOCKWOOD DR,36.14478013,-86.6723638,ELECTRICAL HAZARD
5/3/2020 21:45,417 OLD LEBANON DIRT RD,36.18867195,-86.6104112,ELECTRICAL HAZARD
5/3/2020 21:46,312 EMERY DR,36.1534229,-86.67700514,ELECTRICAL HAZARD
5/3/2020 21:46,511 BRENTWOOD PL,36.04731194,-86.73733858,DIABETIC: NOT ALERT
5/3/2020 21:47,1108 N 8TH ST,36.19098032,-86.75858404,PULL STATION ALARM HOUSE
5/3/2020 21:49,533 ELGIN ST,36.10005634,-86.74621713,ELECTRICAL HAZARD
5/3/2020 21:51,3723 ANDREW JACKSON WAY,36.18390242,-86.60489381,NON SUICIDAL AND ALERT
5/3/2020 21:51,RIVERWOOD DR / CLAYPOOL ST,36.21456746,-86.70967468,ELECTRICAL HAZARD
5/3/2020 21:52,BUFFALO RD / FIRE TOWER RD,36.11519095,-86.9662537,ELECTRICAL HAZARD
5/3/2020 21:53,908 KIRBY AV,36.12968187,-86.69634736,ABDOMINAL PAIN - NOT ALERT
5/3/2020 21:54,4334 ESTES RD,36.09513624,-86.83886788,CARBON MONOXIDE ALARM HOUSE
5/3/2020 21:55,116 MAYFAIR RD,36.13372226,-86.83533954,ELECTRICAL HAZARD
5/3/2020 21:57,4421 ALCOTT DR,36.08821609,-86.84151091,SICK PERSON: ALTERED LEVEL OF CONSCIOUSNESS
5/3/2020 21:57,317 MYATT DR,36.27139165,-86.68918916,UNCONSCIOUS AGONAL INEFFECTIVE BREATHING
5/3/2020 22:00,5028 STILLWOOD DR,36.06898612,-86.76325508,ELECTRICAL HAZARD
5/3/2020 22:00,NEAL TER / WEDGEWOOD AV,36.13321948,-86.76807263,ELECTRICAL HAZARD
5/3/2020 22:00,1579 WOODMONT BLVD,36.11276096,-86.79951225,ELECTRICAL HAZARD
5/3/2020 22:02,5102 TROUSDALE DR,36.06473267,-86.75892829,ABNORMAL BREATHING OTHER LUNG PROBLEMS
5/3/2020 22:02,313 CEDARCREEK DR,36.03526489,-86.70569927,ELECTRICAL HAZARD
5/3/2020 22:02,1325 12TH AV S,36.14105042,-86.78859994,SICK PERSON: ALTERED LEVEL OF CONSCIOUSNESS
5/3/2020 22:06,124 LINCOLN CT,36.10315543,-86.86434062,ELECTRICAL HAZARD
5/3/2020 22:09,499 SWISS AV,36.03824013,-86.7189173,DIFFICULTY SPEAKING BETWEEN BREATHS COPD
5/3/2020 22:09,728 GREELEY DR,36.12273538,-86.87939547,MEDICAL ALARM NOTIFICATION
5/3/2020 22:10,2272 LEBANON PKE,36.16951274,-86.68511117,ELECTRICAL HAZARD
5/3/2020 22:11,EDWIN ST / MERIDIAN ST,36.20457665,-86.76594386,ELECTRICAL HAZARD
5/3/2020 22:14,CLOVERLAND DR / BROWNSTONE DR,36.03129798,-86.75340395,ELECTRICAL HAZARD
5/3/2020 22:14,1707 SEIFRIED ST,36.18190125,-86.81258541,ELECTRICAL HAZARD
5/3/2020 22:14,BELL RD / I24 E,36.04522782,-86.659105,MVA INJURIES:
5/3/2020 22:15,461 CUMBERLAND PL,36.09208997,-86.81434313,SMOKE DETECTOR ALARM HOUSE
5/3/2020 22:16,4524 RACCOON TRL,36.19184953,-86.57973433,ELECTRICAL HAZARD
5/3/2020 22:16,RIVERWOOD DR / OLGA AV,36.21428464,-86.70956124,ELECTRICAL HAZARD
5/3/2020 22:21,973 GREERLAND DR,36.09991766,-86.78797161,ELECTRICAL HAZARD
5/3/2020 22:23,990 GREERLAND DR,36.10075419,-86.78994691,ELECTRICAL HAZARD
5/3/2020 22:27,4573 WOODSIDE CIR,36.23300851,-86.59246505,SICK PERSON: ABNORMAL BREATHING
5/3/2020 22:28,3338 OAK TREES CT,36.07456707,-86.6067708,NON RECENT FALL
5/3/2020 22:28,WOODDALE LN / PENNINGTON BEND RD,36.23745941,-86.70645411,ELECTRICAL HAZARD
5/3/2020 22:29,4201 NOLENSVILLE PKE,36.07642499,-86.72588561,POSSIBLY DANGEROUS BODY AREA
5/3/2020 22:30,4122 RIDGEFIELD DR,36.12486749,-86.84457215,CITIZEN ASSIST
5/3/2020 22:32,3601 TROUSDALE DR ,36.09757176,-86.75036556,WATERFLOW ALARM COMMERCIAL COMMERCIAL   INDUSTRIAL BUILD
5/3/2020 22:32,3000 VANDERBILT PL,36.14236895,-86.8129856,GENERAL ALARM APARTMENT
5/3/2020 22:32,3529 WEST END AV ,36.13229599,-86.82420867,GENERAL ALARM COMMERCIAL   INDUSTRIAL BUILD
5/3/2020 22:34,JEFFERSON ST / 28TH AV N,36.16785835,-86.82076403,ASSAULT UNKNOWN STATUS PHYSICAL
5/3/2020 22:34,306 BOWWOOD DR,36.12487102,-86.71043137,ELECTRICAL HAZARD
5/3/2020 22:36,759 ROYCROFT PL,36.13327566,-86.7782817,ELECTRICAL HAZARD
5/3/2020 22:36,601 MURFREESBORO PKE,36.1410621,-86.74022893,TRAUMATIC INJURIES NON RECENT
5/3/2020 22:38,4216 ANDREW JACKSON PKWY,36.19883877,-86.60914704,ELECTRICAL HAZARD
5/3/2020 22:41,2205 REVERE PL,36.17117372,-86.69006216,ELECTRICAL HAZARD
5/3/2020 22:41,2205 REVERE PL,36.17117372,-86.69006216,ELECTRICAL HAZARD
5/3/2020 22:42,200 CHEOAH CT,36.00842938,-86.68303999,DIFFICULTY SPEAKING BETWEEN BREATHS
5/3/2020 22:42,1120 WOODVALE DR,36.10227225,-86.79576573,ELECTRICAL HAZARD
5/3/2020 22:44,181 DELVIN DR,36.05206881,-86.69138541,ELECTRICAL HAZARD
5/3/2020 22:47,1501 CEDAR LN,36.12010384,-86.79324346,GENERAL ALARM HOUSE
5/3/2020 22:50,425 HART AV,36.18217988,-86.75595983,ELECTRICAL HAZARD
5/3/2020 22:53,205 ANTHONY ST,36.24162271,-86.62939198,NOT ALERT STRONG EVIDENCE <3 HOURS
5/3/2020 22:55,912 TAVISTOCK PL,36.08033316,-86.66316267,ELECTRICAL HAZARD
5/3/2020 22:56,3803 WOODMONT LN,36.11129051,-86.84067611,CARBON MONOXIDE FIRE ALARM INVESTIGATION
5/3/2020 22:59,860 MURFREESBORO PKE,36.13673387,-86.7215149,UKNOWN ALARM APARTMENT
5/3/2020 23:01,3312 DICKERSON PKE,36.23622083,-86.75906622,3RD TRIMESTER HEMORRHAGE
5/3/2020 23:03,4107 GALLATIN PKE,36.22219493,-86.7273251,NOT ALERT
5/3/2020 23:03,NEWSOM STATION RD / HIGHWAY 70,36.09161436,-86.98699553,ELECTRICAL HAZARD
5/3/2020 23:04,830 GLASTONBURY RD,36.13481453,-86.7008366,SMALL OUTSIDE FIRE
5/3/2020 23:05,1485 DOLAN RD,36.18302831,-86.84348712,ELECTRICAL HAZARD
5/3/2020 23:07,1800 WILSON CAMP CIR,36.24234442,-86.66556797,DIFFICULTY SPEAKING BETWEEN BREATHS COPD
5/3/2020 23:12,101 FOOTHILL CT,36.13198078,-86.71941243,ABNORMAL BREATHING OTHER LUNG PROBLEMS
5/3/2020 23:18,ANDREW JACKSON PKWY / ANDREW JACKSON PL,36.20448777,-86.60642732,ELECTRICAL HAZARD
5/3/2020 23:20,700 N DUPONT AV,36.26614149,-86.69518635,CITIZEN ASSIST  NON MEDICAL
5/3/2020 23:20,ANDREW JACKSON PKWY / STONERS GLEN DR,36.19274288,-86.60683669,MVA OTHER HAZARDS
5/3/2020 23:22,3910 CENTRAL PKE,36.1735358,-86.60326303,NOT ALERT ASTHMA
5/3/2020 23:24,406 ENGLISH IVY DR,36.04455408,-86.72851409,SICK PERSON: NOT ALERT
5/3/2020 23:26,20TH AV N / STATE ST,36.15438359,-86.80153973,UNKNOWN STATUS
5/3/2020 23:29,4508 PRICE CIRCLE RD ,36.13148135,-86.86347281,MEDICAL ALARM NOTIFICATION
5/3/2020 23:30,2ND AV N / JUNIOR GILLIAM WAY,36.17440126,-86.78302399,CHEST PAIN - CLAMMY OR COLD SWEATS
5/3/2020 23:31,7533 LORDS CHAPEL DR,36.0268338,-86.70839299,GENERAL ALARM HIGH LIFE HAZARD
5/3/2020 23:39,2022 ROSA L PARKS BLVD,36.18836237,-86.79808982,TRAUMATIC INJURIES NOT DANGEROUS BODY AREA
5/3/2020 23:40,3225 CREEKWOOD DR,36.23296451,-86.77129723,NON SUICIDAL AND ALERT
5/3/2020 23:40,1316 TULIP GROVE RD,36.17497254,-86.5956288,GENERAL ALARM APARTMENT
5/3/2020 23:42,115 NEWELL AV,36.27127303,-86.66498511,HEART PROBLEMS CLAMMY OR COLD SWEATS
5/3/2020 23:42,2022 ROSA L PARKS BLVD,36.18836237,-86.79808982,REQUEST ADDITIONAL FIRE RESOURCES
5/3/2020 23:45,2284 MURFREESBORO PKE,36.08840541,-86.64748049,WATERFLOW ALARM COMMERCIAL COMMERCIAL   INDUSTRIAL BUILD
5/3/2020 23:50,5029 SUTER DR,36.07068561,-86.73771847,ELECTRICAL HAZARD
5/3/2020 23:51,301 28TH AV N,36.14730452,-86.81457547,ABNORMAL BREATHING
5/3/2020 23:51,2812 HILLSIDE DR,36.13359706,-86.81318234,CARBON MONOXIDE ALARM HOUSE
5/3/2020 23:52,6767 BROOKMONT TER,36.0826085,-86.89770804,DIABETIC: NOT ALERT
5/3/2020 23:53,2916 WINDEMERE CIR,36.18690222,-86.67380583,CARBON MONOXIDE ALARM HOUSE
5/3/2020 23:58,2618 ESSEX PL,36.1327191,-86.81079087,ELECTRICAL HAZARD
5/3/2020 23:59,304 ELMINGTON AV,36.13302839,-86.82220071,ELECTRICAL HAZARD
5/4/2020 0:05,2011 HAYES ST ,36.15183909,-86.80079126,PULL STATION ALARM COMMERCIAL   INDUSTRIAL BUILD
5/4/2020 0:09,5820 LABRADOR LN,36.03186688,-86.71138431,ELECTRICAL HAZARD
5/4/2020 0:12,1301 NEELYS BEND RD,36.24066773,-86.67312639,FALL - NOT ON STAIRS
5/4/2020 0:21,625 BENTON AV,36.13138384,-86.77062846,HIGH RISE NATURAL GAS ODOR
5/4/2020 0:21,518 BRENTLAWN DR,36.06436167,-86.76119919,UNKNOWN STATUS
5/4/2020 0:22,517 ALBANY DR,36.21275421,-86.60043136,ELECTRICAL HAZARD
5/4/2020 0:27,639 LAFAYETTE ST,36.15376939,-86.77752016,SICK PERSON: NO PRIORITY SYMPTOMS
5/4/2020 0:29,2011 HAYES ST ,36.15183909,-86.80079126,PULL STATION ALARM COMMERCIAL   INDUSTRIAL BUILD
